{
    "0": "fiona",
    "1": "\u5341\u4e8c\u4e4b\u5377",
    "2": "\u5343\u4f5b\u624b",
    "3": "\u5343\u5154\u8033",
    "4": "\u58a8\u897f\u54e5\u96ea\u7403",
    "5": "\u59ec\u650f\u6708",
    "6": "\u5be6\u751f\u767e\u5408",
    "7": "\u6708\u5154\u8033",
    "8": "\u6843\u86cb",
    "9": "\u6c99\u6f20\u73ab\u7470",
    "10": "\u706b\u796d",
    "11": "\u718a\u7ae5\u5b50",
    "12": "\u767d\u7261\u4e39",
    "13": "\u77f3\u84ee",
    "14": "\u842c\u8056\u7bc0\u6cd5\u5e2b",
    "15": "\u89c0\u97f3\u84ee",
    "16": "\u9054\u6469\u798f\u5a18",
    "17": "\u9326\u53f8\u6643",
    "18": "\u96c5\u6a02\u4e4b\u821e",
    "19": "\u96ea\u5154-\u9e97\u5a1c\u84ee",
    "20": "\u9e7f\u89d2\u6d77\u68e0",
    "21": "\u9edb\u6bd4"
}